order_id,buyer_id,created_at
1,44,2025-06-23 09:11:55
2,51,2025-10-26 13:04:18
3,57,2025-06-03 00:11:55
4,89,2025-02-14 22:57:23
5,65,2025-07-19 06:46:30
6,67,2025-03-17 03:56:16
7,57,2024-12-15 16:54:36
8,73,2025-04-23 00:14:04
9,61,2025-04-27 19:24:16
10,76,2025-05-02 07:14:06
11,91,2025-08-08 11:04:55
12,59,2025-10-20 13:03:57
13,75,2025-04-30 18:46:22
14,93,2024-12-24 11:12:48
15,94,2025-01-26 08:35:29
16,61,2025-06-13 19:31:31
17,64,2024-12-26 12:51:13
18,37,2025-10-08 05:07:16
19,32,2025-10-04 06:31:00
20,80,2025-05-02 22:29:20
21,84,2025-07-14 05:07:37
22,78,2025-03-12 00:16:33
23,70,2025-02-14 23:12:48
24,95,2025-09-09 21:22:25
25,82,2025-04-28 22:53:44
26,91,2025-08-20 15:22:31
27,46,2025-09-20 00:11:09
28,49,2025-06-12 22:22:53
29,74,2025-08-26 23:06:51
30,34,2025-01-18 01:17:03
31,27,2025-10-31 08:21:53
32,68,2025-02-06 15:57:49
33,90,2024-12-19 08:18:12
34,63,2025-11-14 12:20:54
35,58,2025-11-05 16:25:07
36,59,2025-07-15 22:13:01
37,35,2025-02-26 15:42:07
38,48,2025-09-06 12:50:52
39,33,2025-08-16 01:16:54
40,35,2025-10-10 21:25:12
41,67,2024-12-23 21:51:09
42,71,2025-04-08 11:30:09
43,85,2025-03-03 11:02:16
44,43,2025-10-08 23:11:15
45,37,2025-07-22 08:15:08
46,92,2025-07-11 05:54:43
47,31,2025-06-30 11:48:25
48,51,2025-10-03 14:27:15
49,73,2025-07-19 09:39:16
50,26,2025-09-27 12:15:21
51,51,2025-01-03 00:12:27
52,90,2025-06-27 13:27:15
53,31,2025-04-05 19:18:30
54,63,2025-07-16 06:56:05
55,87,2025-07-07 00:48:58
56,54,2024-11-28 06:47:21
57,50,2024-12-05 18:48:27
58,91,2025-09-26 02:35:31
59,64,2025-03-01 02:48:19
60,83,2025-05-20 08:45:09
61,43,2025-09-13 13:03:31
62,79,2024-12-24 21:25:16
63,86,2025-03-04 02:53:54
64,90,2025-03-07 12:59:09
65,26,2025-10-28 16:39:44
66,42,2025-05-15 01:46:25
67,92,2024-12-12 12:50:25
68,25,2025-04-20 00:59:44
69,94,2025-09-18 01:33:38
70,58,2025-02-05 05:04:16
71,34,2025-06-20 16:57:26
72,26,2025-10-14 15:50:54
73,46,2025-02-13 06:01:14
74,83,2025-06-17 22:59:45
75,59,2025-09-30 23:25:30
76,39,2025-08-26 23:16:03
77,58,2025-10-25 07:02:38
78,64,2025-10-03 10:34:27
79,53,2025-07-10 05:38:10
80,21,2025-03-04 17:23:37
81,22,2025-03-01 23:13:11
82,42,2025-09-15 22:00:29
83,48,2025-02-27 17:17:53
84,94,2025-01-26 06:49:41
85,24,2025-03-19 19:36:35
86,64,2025-01-20 18:41:57
87,37,2025-04-13 03:43:05
88,93,2025-02-13 11:50:57
89,90,2025-02-18 18:54:30
90,52,2025-08-01 18:59:06
91,65,2025-02-13 19:22:31
92,64,2025-06-13 09:11:38
93,97,2024-11-27 22:11:40
94,22,2025-09-05 08:17:20
95,95,2025-03-19 12:40:02
96,30,2025-02-19 12:51:56
97,42,2025-11-25 17:49:59
98,39,2025-08-27 12:42:35
99,22,2024-12-17 05:10:32
100,84,2025-05-30 09:55:15
101,30,2025-01-15 00:06:20
102,79,2024-12-30 05:36:43
103,77,2025-01-27 20:00:31
104,51,2025-06-29 01:21:29
105,33,2025-03-25 23:37:46
106,66,2025-05-15 00:00:24
107,64,2025-09-25 21:20:23
108,52,2024-12-02 10:12:09
109,36,2025-01-07 17:43:08
110,22,2025-09-16 15:11:22
111,44,2025-08-05 19:18:00
112,29,2025-06-01 17:14:21
113,53,2025-09-21 21:46:05
114,29,2025-06-12 02:52:39
115,58,2025-11-13 22:23:49
116,49,2025-04-18 01:40:05
117,51,2025-09-25 04:48:16
118,75,2025-04-18 12:32:00
119,35,2025-07-17 11:40:06
120,49,2025-10-19 21:38:29
121,100,2025-05-20 04:01:15
122,83,2025-06-15 09:53:10
123,44,2025-09-05 02:09:20
124,52,2025-11-16 07:34:42
125,24,2025-08-11 12:43:12
126,55,2025-07-10 05:15:14
127,72,2025-09-11 07:27:29
128,24,2025-10-01 14:19:07
129,90,2025-02-06 13:38:50
130,21,2025-11-02 22:54:05
131,51,2025-09-10 05:22:13
132,87,2025-11-06 06:31:03
133,29,2025-07-24 03:58:38
134,22,2025-11-09 12:56:42
135,23,2025-04-20 11:42:13
136,71,2025-06-13 21:44:25
137,33,2024-12-22 04:50:40
138,71,2025-05-10 20:08:21
139,63,2025-08-26 17:24:54
140,95,2025-01-23 15:10:22
141,58,2025-10-16 10:06:44
142,44,2025-06-19 03:19:26
143,99,2025-08-06 15:28:08
144,32,2024-12-26 02:11:51
145,95,2025-08-08 18:09:54
146,79,2025-10-09 09:27:22
147,51,2025-03-21 01:50:28
148,59,2025-03-26 14:56:27
149,85,2025-08-02 16:00:37
150,30,2025-07-11 07:28:34
